Well,Content,Cq,Cq Mean,Cq Std. Dev,Starting Quantity (SQ),Log Starting Quantity,SQ Mean,SQ Std. Dev,SampleID,Plate,Date,Dilution,ul_dna_eluted,mL_sample,calc_qty,per_ul_dna,copies_in_dna,copies_per_g_sample,avg_copies_per_g_sample,avg_std
A04,Unkn-01,13.5211413341137,13.4718379080258,0.064352639109853,22894656.1918681,7.3597341261299,23709022.0835479,1071760.43158989,WC-4-16W,2,28-Feb-25,0.1,100,85,22894656.19186906,114473280.9593453,11447328095.93453,134674448.18746507,139464835.78558186,6304473.126997177
A05,Unkn-01,13.3990391151909,13.4718379080258,0.064352639109853,24923222.1101074,7.39660418783389,23709022.0835479,1071760.43158989,WC-4-16W,2,28-Feb-25,0.1,100,85,24923222.110107902,124616110.55053951,12461611055.053951,146607188.88298765,139464835.78558186,6304473.126997177
A06,Unkn-01,13.4953332747728,13.4718379080258,0.064352639109853,23309187.9486683,7.36752714372412,23709022.0835479,1071760.43158989,WC-4-16W,2,28-Feb-25,0.1,100,85,23309187.948669787,116545939.74334893,11654593974.334892,137112870.28629285,139464835.78558186,6304473.126997177
A07,Unkn-09,13.4550099123194,13.3483221967216,0.0937502427707836,23971941.6130876,7.37970321124267,25853946.760848,1656519.64494128,WC-5-21W,2,28-Feb-25,0.1,100,100,23971941.613088872,119859708.06544435,11985970806.544436,119859708.06544435,129269733.80424857,8282598.224708275
A08,Unkn-09,13.3108656459627,13.3483221967216,0.0937502427707836,26498976.6975999,7.42322910325128,25853946.760848,1656519.64494128,WC-5-21W,2,28-Feb-25,0.1,100,100,26498976.69760148,132494883.48800738,13249488348.800737,132494883.48800737,129269733.80424857,8282598.224708275
A09,Unkn-09,13.2790910318828,13.3483221967216,0.0937502427707836,27090921.9718566,7.43282378541251,25853946.760848,1656519.64494128,WC-5-21W,2,28-Feb-25,0.1,100,100,27090921.971858796,135454609.85929397,13545460985.929398,135454609.85929397,129269733.80424857,8282598.224708275
A10,Unkn-17,10.814093666271,11.0495817661698,0.215077750414146,150368171.170713,8.17715591771968,128626806.211182,19640679.7866431,CC-2-28W,2,28-Feb-25,0.1,100,75,150368171.1707272,751840855.8536359,75184085585.36359,1002454474.4715145,857512041.4079533,130937865.24430144
A11,Unkn-17,11.0990070425078,11.0495817661698,0.215077750414146,123345496.661702,8.09112329804403,128626806.211182,19640679.7866431,CC-2-28W,2,28-Feb-25,0.1,100,75,123345496.66170968,616727483.3085483,61672748330.854836,822303311.0780644,857512041.4079533,130937865.24430144
A12,Unkn-17,11.2356445897305,11.0495817661698,0.215077750414146,112166750.801131,8.04986413959772,128626806.211182,19640679.7866431,CC-2-28W,2,28-Feb-25,0.1,100,75,112166750.80114217,560833754.0057108,56083375400.57108,747778338.6742811,857512041.4079533,130937865.24430144
B04,Unkn-02,14.1286890085445,14.2151125391815,0.335545477374622,15006473.781946,7.17627865380524,14381628.4004129,3191828.84787522,WC-5-16W,2,28-Feb-25,0.1,100,85,15006473.781946816,75032368.90973407,7503236890.973407,88273375.18792243,84597814.12008028,18775463.81103116
B05,Unkn-02,13.9312325782201,14.2151125391815,0.335545477374622,17214829.269612,7.23590271988803,14381628.4004129,3191828.84787522,WC-5-16W,2,28-Feb-25,0.1,100,85,17214829.269612793,86074146.34806396,8607414634.806396,101263701.5859576,84597814.12008028,18775463.81103116
B06,Unkn-02,14.5854160307798,14.2151125391815,0.335545477374622,10923582.1496807,7.03836507909506,14381628.4004129,3191828.84787522,WC-5-16W,2,28-Feb-25,0.1,100,85,10923582.14968134,54617910.7484067,5461791074.84067,64256365.58636082,84597814.12008028,18775463.81103116
B07,Unkn-10,12.0853326059521,18.0216717197351,10.1355517514132,62128636.0812011,7.79329181958913,39116088.9910005,34050972.4129326,WC-6-21W,2,28-Feb-25,0.1,100,75,62128636.08120654,310643180.4060327,31064318040.603268,414190907.2080436,260773926.60668752,227006482.75290003
B08,Unkn-10,12.2548932086526,18.0216717197351,10.1355517514132,55219337.8898375,7.74209119490531,39116088.9910005,34050972.4129326,WC-6-21W,2,28-Feb-25,0.1,100,75,55219337.889839835,276096689.44919914,27609668944.919914,368128919.26559883,260773926.60668752,227006482.75290003
B09,Unkn-10,29.7247893446006,18.0216717197351,10.1355517514132,293.001963009207,2.46687052998281,39116088.9910005,34050972.4129326,WC-6-21W,2,28-Feb-25,0.1,100,75,293.00196300916423,1465.0098150458211,146500.9815045821,1953.3464200610947,260773926.60668752,227006482.75290003
B10,Unkn-18,11.2766105297633,11.2678924534095,0.0483781457664841,109016952.881902,8.03749403895502,109721266.436036,3706344.73328241,CC-3-28W,2,28-Feb-25,0.1,100,75,109016952.88191336,545084764.4095668,54508476440.95667,726779685.8794223,731475109.5736383,24708964.888562564
B11,Unkn-18,11.2157480477408,11.2678924534095,0.0483781457664841,113729233.396227,8.05587211174866,109721266.436036,3706344.73328241,CC-3-28W,2,28-Feb-25,0.1,100,75,113729233.39623743,568646166.9811871,56864616698.11871,758194889.3082495,731475109.5736383,24708964.888562564
B12,Unkn-18,11.3113187827243,11.2678924534095,0.0483781457664841,106417613.02998,8.02701351337902,109721266.436036,3706344.73328241,CC-3-28W,2,28-Feb-25,0.1,100,75,106417613.02998647,532088065.1499323,53208806514.99323,709450753.5332431,731475109.5736383,24708964.888562564
C04,Unkn-03,13.87373771815,13.784908732725,0.150076845215999,17916942.6459664,7.25326390346969,19129037.0117489,2052237.07795395,WC-6-16W,2,28-Feb-25,0.1,100,100,17916942.64596712,89584713.22983558,8958471322.983559,89584713.22983558,95645185.058748,10261185.389770862
C05,Unkn-03,13.6116333926567,13.784908732725,0.150076845215999,21498545.9777411,7.33240908804595,19129037.0117489,2052237.07795395,WC-6-16W,2,28-Feb-25,0.1,100,100,21498545.9777421,107492729.88871048,10749272988.871048,107492729.88871048,95645185.058748,10261185.389770862
C06,Unkn-03,13.8693550873684,13.784908732725,0.150076845215999,17971622.4115391,7.25458728537683,19129037.0117489,2052237.07795395,WC-6-16W,2,28-Feb-25,0.1,100,100,17971622.411539596,89858112.05769797,8985811205.769796,89858112.05769797,95645185.058748,10261185.389770862
C07,Unkn-11,13.708690481553,13.7161111142557,0.0809622241341919,20095632.0087039,7.30310166932758,20013284.5285677,1121821.43129505,INF21,2,28-Feb-25,0.1,100,250,20095632.008704286,100478160.04352142,10047816004.352142,40191264.01740857,40026569.05713726,2243642.862589492
C08,Unkn-11,13.8005281985666,13.7161111142557,0.0809622241341919,18852558.425678,7.27537029537779,20013284.5285677,1121821.43129505,INF21,2,28-Feb-25,0.1,100,250,18852558.425679546,94262792.12839772,9426279212.839771,37705116.851359084,40026569.05713726,2243642.862589492
C09,Unkn-11,13.6391146626476,13.7161111142557,0.0809622241341919,21091663.1513211,7.32411082672681,20013284.5285677,1121821.43129505,INF21,2,28-Feb-25,0.1,100,250,21091663.151322067,105458315.75661033,10545831575.661034,42183326.30264413,40026569.05713726,2243642.862589492
C10,Unkn-19,14.5649834949587,14.6756292408929,0.119912018737694,11079876.0062678,7.04453490027553,10283103.3947782,849237.425553298,WC-4-28W,2,28-Feb-25,0.1,100,100,11079876.006268386,55399380.031341925,5539938003.134192,55399380.031341925,51415516.97389317,4246187.127767145
C11,Unkn-19,14.6588616747036,14.6756292408929,0.119912018737694,10379761.7932224,7.01618738693478,10283103.3947782,849237.425553298,WC-4-28W,2,28-Feb-25,0.1,100,100,10379761.793222653,51898808.96611326,5189880896.611326,51898808.96611326,51415516.97389317,4246187.127767145
C12,Unkn-19,14.8030425530163,14.6756292408929,0.119912018737694,9389672.38484452,6.97265043955723,10283103.3947782,849237.425553298,WC-4-28W,2,28-Feb-25,0.1,100,100,9389672.384844868,46948361.92422433,4694836192.422433,46948361.92422433,51415516.97389317,4246187.127767145
D04,Unkn-04,14.4174292453179,14.3499460530668,0.082481238416902,12276949.5998022,7.0890904729501,12880935.5338791,746929.119871115,INF16,2,28-Feb-25,0.1,100,250,12276949.599802855,61384747.99901427,6138474799.901427,24553899.19960571,25761871.06775919,1493858.2397420155
D05,Unkn-04,14.3744081403597,14.3499460530668,0.082481238416902,12649726.9877076,7.10208115246744,12880935.5338791,746929.119871115,INF16,2,28-Feb-25,0.1,100,250,12649726.987708032,63248634.93854016,6324863493.854016,25299453.975416064,25761871.06775919,1493858.2397420155
D06,Unkn-04,14.2580007735227,14.3499460530668,0.082481238416902,13716130.0141275,7.13723159310597,12880935.5338791,746929.119871115,INF16,2,28-Feb-25,0.1,100,250,13716130.014127903,68580650.0706395,6858065007.063951,27432260.0282558,25761871.06775919,1493858.2397420155
D07,Unkn-12,13.7069875555077,13.9257378032879,0.189548690099396,20119439.8811797,7.30361588593166,17383446.4658261,2370484.95512778,WC-4-24W,2,28-Feb-25,0.1,100,100,20119439.881180927,100597199.40590464,10059719940.590464,100597199.40590464,86917232.32913627,11852424.775639364
D08,Unkn-12,14.041433745201,13.9257378032879,0.189548690099396,15945065.4854489,7.20262630720461,17383446.4658261,2370484.95512778,WC-4-24W,2,28-Feb-25,0.1,100,100,15945065.485449804,79725327.42724901,7972532742.724901,79725327.42724901,86917232.32913627,11852424.775639364
D09,Unkn-12,14.0287921091549,13.9257378032879,0.189548690099396,16085834.0308498,7.20644358346027,17383446.4658261,2370484.95512778,WC-4-24W,2,28-Feb-25,0.1,100,100,16085834.03085103,80429170.15425515,8042917015.425515,80429170.15425515,86917232.32913627,11852424.775639364
D10,Unkn-20,14.1308171779306,14.3354034587709,0.180572881225948,14984285.1988562,7.1756360304584,13067238.3095647,1685936.31621058,WC-5-28W,2,28-Feb-25,0.1,100,100,14984285.198856916,74921425.99428457,7492142599.428457,74921425.99428457,65336191.54782629,8429681.581053773
D11,Unkn-20,14.4028411017311,14.3354034587709,0.180572881225948,12402108.2535816,7.09349551782918,13067238.3095647,1685936.31621058,WC-5-28W,2,28-Feb-25,0.1,100,100,12402108.25358246,62010541.2679123,6201054126.79123,62010541.2679123,65336191.54782629,8429681.581053773
D12,Unkn-20,14.4725520966511,14.3354034587709,0.180572881225948,11815321.4762562,7.07244554259681,13067238.3095647,1685936.31621058,WC-5-28W,2,28-Feb-25,0.1,100,100,11815321.476256398,59076607.38128199,5907660738.128199,59076607.38128199,65336191.54782629,8429681.581053773
E04,Unkn-05,11.4707268707618,11.429697740029,0.0417785565135149,95252974.9125206,7.97887854831528,98036982.5524269,2849663.52211475,CC-1-21W,2,28-Feb-25,0.1,100,50,95252974.91252464,476264874.5626232,47626487456.26232,952529749.1252464,980369825.5243387,28496635.221178778
E05,Unkn-05,11.3872080612877,11.429697740029,0.0417785565135149,100948051.31009,8.00409793978839,98036982.5524269,2849663.52211475,CC-1-21W,2,28-Feb-25,0.1,100,50,100948051.31010002,504740256.5505001,50474025655.05001,1009480513.1010002,980369825.5243387,28496635.221178778
E06,Unkn-05,11.4311582880374,11.429697740029,0.0417785565135149,97909921.4346703,7.99082670207904,98036982.5524269,2849663.52211475,CC-1-21W,2,28-Feb-25,0.1,100,50,97909921.43467695,489549607.1733847,48954960717.33847,979099214.3467695,980369825.5243387,28496635.221178778
E07,Unkn-13,12.9222092917682,12.9730658504035,0.0592400529447074,34720663.5837407,7.54058801685016,33533258.8415626,1371248.98268857,WC-5-24W,2,28-Feb-25,0.1,100,100,34720663.58374365,173603317.91871822,17360331791.871822,173603317.91871822,167666294.20782286,6856244.913447951
E08,Unkn-13,13.0381122026895,12.9730658504035,0.0592400529447074,32032431.2000648,7.50558990203263,33533258.8415626,1371248.98268857,WC-5-24W,2,28-Feb-25,0.1,100,100,32032431.200065695,160162156.00032845,16016215600.032845,160162156.00032845,167666294.20782286,6856244.913447951
E09,Unkn-13,12.9588760567527,12.9730658504035,0.0592400529447074,33846681.7408824,7.52951609776966,33533258.8415626,1371248.98268857,WC-5-24W,2,28-Feb-25,0.1,100,100,33846681.740884386,169233408.7044219,16923340870.44219,169233408.7044219,167666294.20782286,6856244.913447951
E10,Unkn-21,14.924178521886,14.9453722368161,0.0667902034051459,8631219.22279776,6.93607214731817,8511038.35384507,391189.740346786,WC-6-28W,2,28-Feb-25,0.1,100,100,8631219.222798076,43156096.113990374,4315609611.399037,43156096.113990374,42555191.76922698,1955948.7017351962
E11,Unkn-21,14.8917503189385,14.9453722368161,0.0667902034051459,8828037.87151001,6.94586418757894,8511038.35384507,391189.740346786,WC-6-28W,2,28-Feb-25,0.1,100,100,8828037.87151061,44140189.35755305,4414018935.755305,44140189.35755305,42555191.76922698,1955948.7017351962
E12,Unkn-21,15.0201878696237,14.9453722368161,0.0667902034051459,8073857.96722744,6.90708110516942,8511038.35384507,391189.740346786,WC-6-28W,2,28-Feb-25,0.1,100,100,8073857.9672275055,40369289.836137526,4036928983.6137524,40369289.836137526,42555191.76922698,1955948.7017351962
F04,Unkn-06,11.5489932681568,11.607524190295,0.0894589035558509,90208025.8097155,7.95524517844895,86721049.0424362,5296603.46971788,CC-2-21W,2,28-Feb-25,0.1,100,50,90208025.8097203,451040129.04860145,45104012904.860146,902080258.0972029,867210490.4244169,52966034.697194934
F05,Unkn-06,11.5630774149943,11.607524190295,0.0894589035558509,89328968.8313044,7.95099232074063,86721049.0424362,5296603.46971788,CC-2-21W,2,28-Feb-25,0.1,100,50,89328968.83131263,446644844.1565631,44664484415.65631,893289688.3131262,867210490.4244169,52966034.697194934
F06,Unkn-06,11.7105018877341,11.607524190295,0.0894589035558509,80626152.4862887,7.90647593557955,86721049.0424362,5296603.46971788,CC-2-21W,2,28-Feb-25,0.1,100,50,80626152.48629212,403130762.4314606,40313076243.146065,806261524.8629212,867210490.4244169,52966034.697194934
F07,Unkn-14,12.9848653470909,12.9761299959397,0.012092364148876,33240561.8267497,7.52166835555116,33443855.3013023,281795.190582818,WC-6-24W,2,28-Feb-25,0.1,100,100,33240561.82675268,166202809.1337634,16620280913.37634,166202809.1337634,167219276.50652465,1408975.9529146813
F08,Unkn-14,12.9811960630416,12.9761299959397,0.012092364148876,33325473.9680085,7.52277633483689,33443855.3013023,281795.190582818,WC-6-24W,2,28-Feb-25,0.1,100,100,33325473.96801043,166627369.84005213,16662736984.005213,166627369.84005213,167219276.50652465,1408975.9529146813
F09,Unkn-14,12.9623285776864,12.9761299959397,0.012092364148876,33765530.1091488,7.52847357240866,33443855.3013023,281795.190582818,WC-6-24W,2,28-Feb-25,0.1,100,100,33765530.10915168,168827650.54575837,16882765054.575836,168827650.54575837,167219276.50652465,1408975.9529146813
F10,Unkn-22,15.9829809132886,16.06473553213,0.0768941792620482,4133857.68253829,6.6163555209724,3909165.6290646,210081.311064425,INF28,2,28-Feb-25,0.1,100,250,4133857.6825383673,20669288.412691835,2066928841.2691836,8267715.365076735,7818331.258129291,420162.622128889
F11,Unkn-22,16.0756153161868,16.06473553213,0.0768941792620482,3875998.31214221,6.58838357925915,3909165.6290646,210081.311064425,INF28,2,28-Feb-25,0.1,100,250,3875998.3121422147,19379991.56071107,1937999156.0711071,7751996.624284429,7818331.258129291,420162.622128889
F12,Unkn-22,16.1356103669146,16.06473553213,0.0768941792620482,3717640.89251331,6.57026743655689,3909165.6290646,210081.311064425,INF28,2,28-Feb-25,0.1,100,250,3717640.892513356,18588204.462566778,1858820446.2566779,7435281.785026711,7818331.258129291,420162.622128889
G04,Unkn-07,11.8462150792873,11.8230435564789,0.0355866667696768,73366178.1665172,7.8654958961441,74573034.8997057,1857818.3563365,CC-3-21W,2,28-Feb-25,0.1,100,50,73366178.16652331,366830890.8326165,36683089083.26165,733661781.665233,745730348.9971184,18578183.56336891
G05,Unkn-07,11.7820686601805,11.8230435564789,0.0355866667696768,76712403.2600201,7.88486558861507,74573034.8997057,1857818.3563365,CC-3-21W,2,28-Feb-25,0.1,100,50,76712403.26002671,383562016.3001335,38356201630.01335,767124032.600267,745730348.9971184,18578183.56336891
G06,Unkn-07,11.840846929969,11.8230435564789,0.0355866667696768,73640523.2725799,7.8671168658394,74573034.8997057,1857818.3563365,CC-3-21W,2,28-Feb-25,0.1,100,50,73640523.27258551,368202616.36292756,36820261636.292755,736405232.7258551,745730348.9971184,18578183.56336891
G07,Unkn-15,14.1988700640523,14.300724156784,0.0893976767993219,14291793.7062385,7.15508673878643,13332016.2722732,841277.112260815,INF24,2,28-Feb-25,0.1,100,250,14291793.706238726,71458968.53119363,7145896853.119363,28583587.412477452,26664032.544547286,1682554.22452128
G08,Unkn-15,14.3371166765848,14.300724156784,0.0893976767993219,12982003.0246915,7.11334170598188,13332016.2722732,841277.112260815,INF24,2,28-Feb-25,0.1,100,250,12982003.02469218,64910015.1234609,6491001512.346089,25964006.04938436,26664032.544547286,1682554.22452128
G09,Unkn-15,14.3661857297148,14.300724156784,0.0893976767993219,12722252.0858896,7.10456399668197,13332016.2722732,841277.112260815,INF24,2,28-Feb-25,0.1,100,250,12722252.085890021,63611260.4294501,6361126042.94501,25444504.171780042,26664032.544547286,1682554.22452128
G10,Unkn-23,11.565149150685,11.8953264808555,0.289253131163869,89200386.9097378,7.95036673814742,71895787.5507883,15108516.2910752,CC-1-31W,2,28-Feb-25,0.1,100,25,89200386.90974642,446001934.5487321,44600193454.87321,1784007738.1949282,1437915751.0158832,302170325.82154846
G11,Unkn-23,12.0167737450785,11.8953264808555,0.289253131163869,65161923.5067639,7.81399389571081,71895787.5507883,15108516.2910752,CC-1-31W,2,28-Feb-25,0.1,100,25,65161923.50676792,325809617.5338396,32580961753.383957,1303238470.1353583,1437915751.0158832,302170325.82154846
G12,Unkn-23,12.104056546803,11.8953264808555,0.289253131163869,61325052.235863,7.78763792680484,71895787.5507883,15108516.2910752,CC-1-31W,2,28-Feb-25,0.1,100,25,61325052.235868156,306625261.1793408,30662526117.93408,1226501044.717363,1437915751.0158832,302170325.82154846
H04,Unkn-08,12.8806984004534,12.9770812906765,0.0964742597077415,35737376.8103154,7.55312267131974,33471093.7342429,2243685.32835988,WC-4-21W,2,28-Feb-25,0.1,100,100,35737376.810316816,178686884.05158406,17868688405.158405,178686884.05158406,167355468.67122206,11218426.641797962
H05,Unkn-08,12.9768988105771,12.9770812906765,0.0964742597077415,33425193.9434865,7.52407393585449,33471093.7342429,2243685.32835988,WC-4-21W,2,28-Feb-25,0.1,100,100,33425193.94348752,167125969.7174376,16712596971.74376,167125969.7174376,167355468.67122206,11218426.641797962
H06,Unkn-08,13.0736466609992,12.9770812906765,0.0964742597077415,31250710.4489269,7.49485989497742,33471093.7342429,2243685.32835988,WC-4-21W,2,28-Feb-25,0.1,100,100,31250710.448928904,156253552.24464452,15625355224.464453,156253552.24464452,167355468.67122206,11218426.641797962
H07,Unkn-16,10.0458208209237,10.0363932623837,0.0734741952880169,256533485.707999,8.40914406227055,258445961.965316,13262242.2444967,CC-1-28W,2,28-Feb-25,0.1,100,100,256533485.70801774,1282667428.5400887,128266742854.00887,1282667428.5400887,1292229809.8266947,66311211.222496785
H08,Unkn-16,9.95866031968244,10.0363932623837,0.0734741952880169,272560615.472569,8.43546310124678,258445961.965316,13262242.2444967,CC-1-28W,2,28-Feb-25,0.1,100,100,272560615.4725955,1362803077.3629775,136280307736.29774,1362803077.3629775,1292229809.8266947,66311211.222496785
H09,Unkn-16,10.104698646545,10.0363932623837,0.0734741952880169,246243784.715381,8.3913652775539,258445961.965316,13262242.2444967,CC-1-28W,2,28-Feb-25,0.1,100,100,246243784.71540362,1231218923.577018,123121892357.7018,1231218923.577018,1292229809.8266947,66311211.222496785
H10,Unkn-24,11.2856076165173,11.5002298782689,0.188877705150296,108337116.708698,8.03477727306247,93867850.1993244,12692913.9949985,CC-2-31W,2,28-Feb-25,0.1,100,40,108337116.70870653,541685583.5435326,54168558354.353264,1354213958.8588316,1173348127.4916227,158661424.93751416
H11,Unkn-24,11.5739590039441,11.5002298782689,0.188877705150296,88655668.5991815,7.94770650939704,93867850.1993244,12692913.9949985,CC-2-31W,2,28-Feb-25,0.1,100,40,88655668.59918547,443278342.99592733,44327834299.592735,1108195857.4898183,1173348127.4916227,158661424.93751416
H12,Unkn-24,11.6411230143455,11.5002298782689,0.188877705150296,84610765.2900937,7.92742562318848,93867850.1993244,12692913.9949985,CC-2-31W,2,28-Feb-25,0.1,100,40,84610765.29009748,423053826.4504874,42305382645.04874,1057634566.1262184,1173348127.4916227,158661424.93751416
